"","sp","long","lat","continent","year"
"1","Iris oratoria",-2.084523,37.389578,"EUROPE",2021
"2","Iris oratoria",-7.457485,38.34488,"EUROPE",2023
"3","Iris oratoria",23.641822,38.00875,"EUROPE",2025
"4","Iris oratoria",-4.300914,37.614135,"EUROPE",2024
"5","Iris oratoria",-2.074318,37.089831,"EUROPE",2025
"6","Iris oratoria",0.106879,38.722459,"EUROPE",2023
"7","Iris oratoria",-1.514925,37.562609,"EUROPE",2025
"8","Iris oratoria",-1.505945,37.435809,"EUROPE",2017
"9","Iris oratoria",-7.296868,38.14856,"EUROPE",2025
"10","Iris oratoria",-4.783309,37.873471,"EUROPE",2025
"11","Iris oratoria",-0.454807,39.047887,"EUROPE",2025
"12","Iris oratoria",-1.02,38.51,"EUROPE",2025
"13","Iris oratoria",-6.019933,38.218224,"EUROPE",2025
"14","Iris oratoria",-2.343349,39.471539,"EUROPE",2022
"15","Iris oratoria",-3.630047,37.679113,"EUROPE",2025
"16","Iris oratoria",-0.905513,38.754758,"EUROPE",2025
"17","Iris oratoria",-6.600882,37.693889,"EUROPE",2024
"18","Iris oratoria",-0.253148,39.874007,"EUROPE",2024
"19","Iris oratoria",-0.445962,38.785534,"EUROPE",2025
"20","Iris oratoria",-6.08025,37.791562,"EUROPE",2025
"21","Iris oratoria",9.442305,42.525262,"EUROPE",2024
"22","Iris oratoria",-2.483382,39.40115,"EUROPE",2014
"23","Iris oratoria",-5.646146,36.859194,"EUROPE",2019
"24","Iris oratoria",-9.181816,38.898886,"EUROPE",2024
"25","Iris oratoria",-5.605227,36.533405,"EUROPE",2024
"26","Iris oratoria",-0.717094,38.297431,"EUROPE",2022
"27","Iris oratoria",-1.060412,37.978307,"EUROPE",2020
"28","Iris oratoria",24.489567,35.360206,"EUROPE",2023
"29","Iris oratoria",-3.96629,39.832286,"EUROPE",2024
"30","Iris oratoria",-0.796286,38.085525,"EUROPE",2023
"31","Iris oratoria",-7.878017,39.106219,"EUROPE",2024
"32","Iris oratoria",-0.854234,38.370607,"EUROPE",2022
"33","Iris oratoria",-3.618894,37.128489,"EUROPE",2023
"34","Iris oratoria",-0.987033,37.937079,"EUROPE",2024
"35","Iris oratoria",-1.334985,37.929764,"EUROPE",2012
"36","Iris oratoria",5.833888,43.155003,"EUROPE",2024
"37","Iris oratoria",-0.879991,38.28102,"EUROPE",2024
"38","Iris oratoria",-0.473325,39.927883,"EUROPE",2024
"39","Iris oratoria",-8.037188,37.750346,"EUROPE",2024
"40","Iris oratoria",5.470106,43.354957,"EUROPE",2020
"41","Iris oratoria",2.797417,43.111776,"EUROPE",2024
"42","Iris oratoria",2.093149,41.330476,"EUROPE",2011
"43","Iris oratoria",-7.8048,38.94899,"EUROPE",2020
"44","Iris oratoria",-0.942802,39.496055,"EUROPE",2024
"45","Iris oratoria",-0.975346,39.589488,"EUROPE",2024
"46","Iris oratoria",-4.323108,37.625793,"EUROPE",2024
"47","Iris oratoria",-5.932032,36.350725,"EUROPE",2024
"48","Iris oratoria",-2.043992,37.768047,"EUROPE",2024
"49","Iris oratoria",-6.049012,39.829814,"EUROPE",2024
"50","Iris oratoria",-8.607555,37.144382,"EUROPE",2022
"51","Iris oratoria",-0.36347,39.668157,"EUROPE",2024
"52","Iris oratoria",34.033749,35.456928,"EUROPE",2024
"53","Iris oratoria",-0.017694,38.751111,"EUROPE",2024
"54","Iris oratoria",-0.063689,38.638419,"EUROPE",2022
"55","Iris oratoria",33.542641,35.286674,"EUROPE",2024
"56","Iris oratoria",-5.418966,36.697999,"EUROPE",2022
"57","Iris oratoria",-0.414158,39.660613,"EUROPE",2021
"58","Iris oratoria",26.118153,40.941363,"EUROPE",2024
"59","Iris oratoria",-3.497629,40.367787,"EUROPE",2024
"60","Iris oratoria",-0.274708,39.080265,"EUROPE",2024
"61","Iris oratoria",2.698292,41.635373,"EUROPE",2020
"62","Iris oratoria",-0.816672,39.491152,"EUROPE",2024
"63","Iris oratoria",9.608686,40.832506,"EUROPE",2019
"64","Iris oratoria",-0.353473,39.938331,"EUROPE",2023
"65","Iris oratoria",6.426539,43.34507,"EUROPE",2024
"66","Iris oratoria",3.206183,41.977131,"EUROPE",2021
"67","Iris oratoria",-6.712001,39.895031,"EUROPE",2024
"68","Iris oratoria",5.95,51.4,"EUROPE",2024
"69","Iris oratoria",-4.883479,36.584553,"EUROPE",2024
"70","Iris oratoria",-7.88427,37.692948,"EUROPE",2024
"71","Iris oratoria",-0.815675,39.369215,"EUROPE",2024
"72","Iris oratoria",-0.539832,38.66511,"EUROPE",2023
"73","Iris oratoria",0.577034,40.734595,"EUROPE",2024
"74","Iris oratoria",-7.692666,37.141034,"EUROPE",2022
"75","Iris oratoria",-0.499528,40.095725,"EUROPE",2024
"76","Iris oratoria",1.635756,41.25938,"EUROPE",2019
"77","Iris oratoria",-8.262495,38.737734,"EUROPE",2024
"78","Iris oratoria",-8.367198,38.537597,"EUROPE",2021
"79","Iris oratoria",26.205525,41.111633,"EUROPE",2024
"80","Iris oratoria",2.972226,42.950909,"EUROPE",2019
"81","Iris oratoria",1.430926,41.154133,"EUROPE",2010
"82","Iris oratoria",26.228571,41.131218,"EUROPE",2024
"83","Iris oratoria",-6.227526,36.596953,"EUROPE",2012
"84","Iris oratoria",-4.781923,37.874996,"EUROPE",2024
"85","Iris oratoria",3.108169,42.227943,"EUROPE",2019
"86","Iris oratoria",2.979042,43.088257,"EUROPE",2024
"87","Iris oratoria",5.489528,43.455046,"EUROPE",2024
"88","Iris oratoria",-3.617902,40.444623,"EUROPE",2022
"89","Iris oratoria",12.6963,37.738067,"EUROPE",2024
"90","Iris oratoria",24.546797,35.374353,"EUROPE",2022
"91","Iris oratoria",-1.08,39.19,"EUROPE",2011
"92","Iris oratoria",5.913333,43.361125,"EUROPE",2024
"93","Iris oratoria",-5.473208,36.25341,"EUROPE",2020
"94","Iris oratoria",6.42763,43.45452,"EUROPE",2012
"95","Iris oratoria",26.768739,40.663513,"EUROPE",2024
"96","Iris oratoria",-5.136184,36.752045,"EUROPE",2020
"97","Iris oratoria",2.154758,41.449192,"EUROPE",2020
"98","Iris oratoria",17.260332,40.801249,"EUROPE",2024
"99","Iris oratoria",20.552045,38.46402,"EUROPE",2024
"100","Iris oratoria",5.796923,43.44569,"EUROPE",2023
"101","Iris oratoria",23.099436,40.648328,"EUROPE",2024
"102","Iris oratoria",-3.407251,37.182281,"EUROPE",2024
"103","Iris oratoria",4.88615,43.53518,"EUROPE",2021
"104","Iris oratoria",2.853647,42.729478,"EUROPE",2024
"105","Iris oratoria",-6.886666,40.726104,"EUROPE",2024
"106","Iris oratoria",-8.651238,38.596231,"EUROPE",2024
"107","Iris oratoria",3.87361,43.629768,"EUROPE",2024
"108","Iris oratoria",-3.068065,36.761607,"EUROPE",2024
"109","Iris oratoria",-8.069918,37.145525,"EUROPE",2024
"110","Iris oratoria",0.070252,42.073699,"EUROPE",2022
"111","Iris oratoria",-7.558456,37.646889,"EUROPE",2022
"112","Iris oratoria",4.39207,43.9436,"EUROPE",2011
"113","Iris oratoria",4.190987,43.632287,"EUROPE",2024
"114","Iris oratoria",4.39565,44.393821,"EUROPE",2024
"115","Iris oratoria",-5.449006,40.006636,"EUROPE",2024
"116","Iris oratoria",-2.932398,37.710784,"EUROPE",2024
"117","Iris oratoria",-4.124409,36.903104,"EUROPE",2024
"118","Iris oratoria",9.53169,40.301244,"EUROPE",2024
"119","Iris oratoria",-0.742439,42.338397,"EUROPE",2024
"120","Iris oratoria",-2.077676,37.650848,"EUROPE",2024
"121","Iris oratoria",0.954164,41.919661,"EUROPE",2018
"122","Iris oratoria",28.073275,36.183845,"EUROPE",2024
"123","Iris oratoria",-4.52599,38.028552,"EUROPE",2024
"124","Iris oratoria",-5.028809,38.603516,"EUROPE",2024
"125","Iris oratoria",-7.606465,37.145815,"EUROPE",2024
"126","Iris oratoria",-3.758804,37.163874,"EUROPE",2024
"127","Iris oratoria",-4.55355,37.038529,"EUROPE",2018
"128","Iris oratoria",-4.149933,39.814503,"EUROPE",2024
"129","Iris oratoria",-4.92013,37.269146,"EUROPE",2023
"130","Iris oratoria",-0.12586,38.689543,"EUROPE",2022
"131","Iris oratoria",-8.217039,38.298789,"EUROPE",2024
"132","Iris oratoria",3.28983,43.3172,"EUROPE",2020
"133","Iris oratoria",1.853725,41.665531,"EUROPE",2023
"134","Iris oratoria",4.84236,43.851261,"EUROPE",2024
"135","Iris oratoria",-7.531492,39.595603,"EUROPE",2024
"136","Iris oratoria",20.748745,39.162998,"EUROPE",2024
"137","Iris oratoria",-7.466581,38.410117,"EUROPE",2020
"138","Iris oratoria",-8.370597,38.001716,"EUROPE",2024
"139","Iris oratoria",2.384127,41.641699,"EUROPE",2024
"140","Iris oratoria",24.257942,35.362633,"EUROPE",2021
"141","Iris oratoria",-4.570855,38.170066,"EUROPE",2024
"142","Iris oratoria",-8.530563,39.408275,"EUROPE",2024
"143","Iris oratoria",3.02019,43.16504,"EUROPE",NA
"144","Iris oratoria",25.310273,42.131889,"EUROPE",2024
"145","Iris oratoria",-1.509205,39.539795,"EUROPE",2021
"146","Iris oratoria",-2.067931,38.782077,"EUROPE",2024
"147","Iris oratoria",-8.192444,39.912702,"EUROPE",2024
"148","Iris oratoria",-8.157338,38.38195,"EUROPE",2024
"149","Iris oratoria",-8.30185,38.473349,"EUROPE",2024
"150","Iris oratoria",23.012165,37.906247,"EUROPE",2021
"151","Iris oratoria",25.856907,35.020735,"EUROPE",2019
"152","Iris oratoria",23.712769,38.274925,"EUROPE",2024
"153","Iris oratoria",4.208912,43.777695,"EUROPE",2023
"154","Iris oratoria",3.978824,43.661585,"EUROPE",2011
"155","Iris oratoria",3.862199,43.590534,"EUROPE",2019
"156","Iris oratoria",-0.206942,38.886269,"EUROPE",2006
"157","Iris oratoria",-3.695183,37.235795,"EUROPE",2017
"158","Iris oratoria",20.7504,39.163825,"EUROPE",2024
"159","Iris oratoria",-6.893262,39.04639,"EUROPE",2024
"160","Iris oratoria",2.835218,42.231391,"EUROPE",2024
"161","Iris oratoria",-2.221546,36.758229,"EUROPE",2021
"162","Iris oratoria",0.852357,40.938817,"EUROPE",2011
"163","Iris oratoria",-3.522032,36.964368,"EUROPE",2021
"164","Iris oratoria",-3.759655,37.096514,"EUROPE",2022
"165","Iris oratoria",-6.97698,41.53918,"EUROPE",2024
"166","Iris oratoria",-0.785093,41.721463,"EUROPE",2014
"167","Iris oratoria",2.952641,42.142654,"EUROPE",2024
"168","Iris oratoria",6.05301,43.37356,"EUROPE",2018
"169","Iris oratoria",4.08289,43.63696,"EUROPE",2021
"170","Iris oratoria",6.009577,43.438504,"EUROPE",2024
"171","Iris oratoria",-7.383612,37.977773,"EUROPE",2024
"172","Iris oratoria",-7.445422,40.40625,"EUROPE",2024
"173","Iris oratoria",-8.549488,38.226019,"EUROPE",2024
"174","Iris oratoria",-4.91,42.047303,"EUROPE",2024
"175","Iris oratoria",-7.982039,37.164867,"EUROPE",2023
"176","Iris oratoria",23.329294,39.193141,"EUROPE",2024
"177","Iris oratoria",6.22525,43.14349,"EUROPE",2021
"178","Iris oratoria",-8.420225,37.204691,"EUROPE",2021
"179","Iris oratoria",3.9463,43.783048,"EUROPE",2024
"180","Iris oratoria",5.92065,43.19718,"EUROPE",2022
"181","Iris oratoria",-5.189403,38.901618,"EUROPE",2024
"182","Iris oratoria",14.09122,37.12764,"EUROPE",2024
"183","Iris oratoria",-8.614864,39.235956,"EUROPE",2024
"184","Iris oratoria",3.902004,43.515539,"EUROPE",2020
"185","Iris oratoria",-7.522285,37.770864,"EUROPE",2024
"186","Iris oratoria",3.769734,43.826356,"EUROPE",2022
"187","Iris oratoria",-2.251265,39.548348,"EUROPE",2024
"188","Iris oratoria",8.894001,41.671736,"EUROPE",2024
"189","Iris oratoria",-0.511633,39.66522,"EUROPE",2024
"190","Iris oratoria",-3.412404,36.903098,"EUROPE",2021
"191","Iris oratoria",-4.324493,36.910042,"EUROPE",2024
"192","Iris oratoria",-4.086882,38.868374,"EUROPE",2018
"193","Iris oratoria",6.591458,43.46925,"EUROPE",2023
"194","Iris oratoria",-5.364233,36.856247,"EUROPE",2024
"195","Iris oratoria",-0.99,38.52,"EUROPE",2023
"196","Iris oratoria",26.355255,36.547478,"EUROPE",2024
"197","Iris oratoria",26.116622,38.29582,"EUROPE",2024
"198","Iris oratoria",4.595716,43.678874,"EUROPE",2024
"199","Iris oratoria",-8.280728,37.127825,"EUROPE",2023
"200","Iris oratoria",-7.321995,39.309113,"EUROPE",2024
"201","Iris oratoria",22.847425,38.441718,"EUROPE",2024
"202","Iris oratoria",1.9167,41.587188,"EUROPE",2024
"203","Iris oratoria",17.454767,40.627926,"EUROPE",2024
"204","Iris oratoria",-3.985763,36.855862,"EUROPE",2016
"205","Iris oratoria",-5.93314,37.391313,"EUROPE",2018
"206","Iris oratoria",-4.846409,36.690909,"EUROPE",2023
"207","Iris oratoria",-2.323458,38.364912,"EUROPE",2024
"208","Iris oratoria",9.614999,40.40625,"EUROPE",2024
"209","Iris oratoria",-8.01445,40.243541,"EUROPE",2024
"210","Iris oratoria",11.010618,42.712673,"EUROPE",2022
"211","Iris oratoria",-4.795167,36.821846,"EUROPE",2024
"212","Iris oratoria",-6.533652,37.810869,"EUROPE",2024
"213","Iris oratoria",3.559995,43.438844,"EUROPE",2022
"214","Iris oratoria",-3.758988,40.326422,"EUROPE",2008
"215","Iris oratoria",-8.183088,39.10241,"EUROPE",2024
"216","Iris oratoria",-8.128975,37.646483,"EUROPE",2024
"217","Iris oratoria",-2.572453,39.379874,"EUROPE",2009
"218","Iris oratoria",19.514605,41.22542,"EUROPE",2024
"219","Iris oratoria",4.679312,43.502647,"EUROPE",2022
"220","Iris oratoria",5.084402,43.794617,"EUROPE",2024
"221","Iris oratoria",-3.587217,40.722758,"EUROPE",2024
"222","Iris oratoria",-7.977818,37.798569,"EUROPE",2023
"223","Iris oratoria",-7.314478,39.241447,"EUROPE",2024
"224","Iris oratoria",26.361098,42.689811,"EUROPE",2024
"225","Iris oratoria",-6.968554,40.784387,"EUROPE",2024
"226","Iris oratoria",6.695806,43.567006,"EUROPE",2024
"227","Iris oratoria",-0.5593,39.543428,"EUROPE",2024
"228","Iris oratoria",-2.61492,36.893859,"EUROPE",2018
"229","Iris oratoria",-7.238565,40.026145,"EUROPE",2021
"230","Iris oratoria",3.36235,43.65168,"EUROPE",2018
"231","Iris oratoria",1.022634,41.886321,"EUROPE",2024
"232","Iris oratoria",-8.229524,40.21494,"EUROPE",2024
"233","Iris oratoria",8.348906,40.628533,"EUROPE",2024
"234","Iris oratoria",-3.435164,40.389789,"EUROPE",2024
"235","Iris oratoria",-7.762952,39.734718,"EUROPE",2024
"236","Iris oratoria",-7.458377,40.105,"EUROPE",2024
"237","Iris oratoria",-3.648154,37.086824,"EUROPE",2022
"238","Iris oratoria",12.331129,42.008903,"EUROPE",2024
"239","Iris oratoria",25.109181,41.004933,"EUROPE",2024
"240","Iris oratoria",-2.82132,37.113971,"EUROPE",2018
"241","Iris oratoria",24.758816,35.030663,"EUROPE",2024
"242","Iris oratoria",-7.496739,39.821799,"EUROPE",2024
"243","Iris oratoria",-7.509278,38.760174,"EUROPE",2024
"244","Iris oratoria",-8.039067,37.907728,"EUROPE",2018
"245","Iris oratoria",-3.663153,40.540171,"EUROPE",2018
"246","Iris oratoria",-6.811583,37.927108,"EUROPE",2024
"247","Iris oratoria",-5.802312,37.165383,"EUROPE",2024
"248","Iris oratoria",20.029826,39.86544,"EUROPE",2024
"249","Iris oratoria",2.251378,41.768389,"EUROPE",2024
"250","Iris oratoria",11.282231,42.411135,"EUROPE",2024
"251","Iris oratoria",-9.06315,38.897461,"EUROPE",2024
"252","Iris oratoria",-0.812616,41.795624,"EUROPE",2024
"253","Iris oratoria",6.931642,43.635098,"EUROPE",2019
"254","Iris oratoria",0.868852,41.837089,"EUROPE",2018
"255","Iris oratoria",-1.859228,38.966858,"EUROPE",2016
"256","Iris oratoria",2.997788,43.266011,"EUROPE",2018
"257","Iris oratoria",-0.602812,38.832508,"EUROPE",2023
"258","Iris oratoria",-4.655749,36.509644,"EUROPE",2017
"259","Iris oratoria",5.067501,43.388051,"EUROPE",2022
"260","Iris oratoria",24.701661,40.974511,"EUROPE",2024
"261","Iris oratoria",23.295042,40.282885,"EUROPE",2024
"262","Iris oratoria",-5.050741,36.677083,"EUROPE",2024
"263","Iris oratoria",4.34761,43.84463,"EUROPE",1991
"264","Iris oratoria",-6.930017,38.878333,"EUROPE",2024
"265","Iris oratoria",19.674605,40.252048,"EUROPE",2024
"266","Iris oratoria",-8.908305,37.025545,"EUROPE",2023
"267","Iris oratoria",16.601491,43.177524,"EUROPE",2024
"268","Iris oratoria",-0.709097,38.509766,"EUROPE",2023
"269","Iris oratoria",-3.836226,36.755205,"EUROPE",2021
"270","Iris oratoria",-5.278448,36.549117,"EUROPE",2019
"271","Iris oratoria",5.094681,44.079008,"EUROPE",2010
"272","Iris oratoria",-3.920908,40.618228,"EUROPE",2017
"273","Iris oratoria",25.163901,35.252355,"EUROPE",2024
"274","Iris oratoria",-6.096125,37.251528,"EUROPE",2021
"275","Iris oratoria",0.412191,40.602509,"EUROPE",2024
"276","Iris oratoria",-0.576485,39.34915,"EUROPE",2022
"277","Iris oratoria",6.733846,43.407483,"EUROPE",2019
"278","Iris oratoria",23.82042,35.272368,"EUROPE",2024
"279","Iris oratoria",25.292428,35.327532,"EUROPE",2018
"280","Iris oratoria",24.212396,35.435486,"EUROPE",2024
"281","Iris oratoria",-1.63683,37.53912,"EUROPE",2011
"282","Iris oratoria",-6.045788,37.443645,"EUROPE",2012
"283","Iris oratoria",1.182494,41.392365,"EUROPE",2024
"284","Iris oratoria",-5.513972,36.083439,"EUROPE",2024
"285","Iris oratoria",-6.9224,39.899347,"EUROPE",2024
"286","Iris oratoria",22.574686,36.753999,"EUROPE",2024
"287","Iris oratoria",4.82005,43.40132,"EUROPE",2019
"288","Iris oratoria",-0.678984,38.019099,"EUROPE",2023
"289","Iris oratoria",25.08915,35.335687,"EUROPE",2024
"290","Iris oratoria",0.241172,40.536922,"EUROPE",2024
"291","Iris oratoria",2.92442,43.18141,"EUROPE",2020
"292","Iris oratoria",4.259941,43.618929,"EUROPE",2021
"293","Iris oratoria",19.806742,39.745087,"EUROPE",2024
"294","Iris oratoria",5.940245,43.453388,"EUROPE",2024
"295","Iris oratoria",8.62402,49.42392,"EUROPE",2024
"296","Iris oratoria",-4.205538,40.322218,"EUROPE",2024
"297","Iris oratoria",-1.891547,39.012395,"EUROPE",2024
"298","Iris oratoria",-5.938167,37.331428,"EUROPE",2022
"299","Iris oratoria",23.243148,41.492673,"EUROPE",2024
"300","Iris oratoria",4.373851,44.083645,"EUROPE",2023
"301","Iris oratoria",-0.86,38.59,"EUROPE",2020
"302","Iris oratoria",-5.92441,37.15839,"EUROPE",2007
"303","Iris oratoria",-4.251161,40.120202,"EUROPE",2024
"304","Iris oratoria",26.240475,35.052824,"EUROPE",2024
"305","Iris oratoria",-1.725294,38.919531,"EUROPE",2017
"306","Iris oratoria",-1.593981,39.488182,"EUROPE",2024
"307","Iris oratoria",25.95838,41.797839,"EUROPE",2024
"308","Iris oratoria",12.959537,37.828243,"EUROPE",2024
"309","Iris oratoria",-3.79454,40.519751,"EUROPE",2024
"310","Iris oratoria",23.771397,37.967405,"EUROPE",2024
"311","Iris oratoria",-7.64382,39.173022,"EUROPE",2024
"312","Iris oratoria",-5.819751,37.922589,"EUROPE",2024
"313","Iris oratoria",23.610094,38.28392,"EUROPE",2024
"314","Iris oratoria",2.201398,41.565006,"EUROPE",2024
"315","Iris oratoria",1.873856,41.516547,"EUROPE",2024
"316","Iris oratoria",-0.855063,39.084449,"EUROPE",2024
"317","Iris oratoria",-0.941577,41.638696,"EUROPE",2024
"318","Iris oratoria",-5.360752,36.980843,"EUROPE",2024
"319","Iris oratoria",-2.454772,37.008227,"EUROPE",2022
"320","Iris oratoria",-1.40785,38.96286,"EUROPE",2024
"321","Iris oratoria",32.397503,34.962222,"EUROPE",2024
"322","Iris oratoria",21.755271,38.28184,"EUROPE",2024
"323","Iris oratoria",-8.20917,37.157236,"EUROPE",2016
"324","Iris oratoria",23.076683,37.596903,"EUROPE",2024
"325","Iris oratoria",-4.67983,36.923547,"EUROPE",2024
"326","Iris oratoria",24.921886,35.105835,"EUROPE",2024
"327","Iris oratoria",-4.865839,38.795112,"EUROPE",2024
"328","Iris oratoria",-9.035764,38.558106,"EUROPE",2021
"329","Iris oratoria",-7.297575,37.953856,"EUROPE",2024
"330","Iris oratoria",-7.960198,37.041548,"EUROPE",2024
"331","Iris oratoria",-0.892261,41.578359,"EUROPE",2013
"332","Iris oratoria",-3.197842,36.77365,"EUROPE",2024
"333","Iris oratoria",-8.412426,37.364059,"EUROPE",2024
"334","Iris oratoria",-4.144014,36.87137,"EUROPE",2024
"335","Iris oratoria",-8.022743,39.918941,"EUROPE",2024
"336","Iris oratoria",2.27976,41.564245,"EUROPE",2024
"337","Iris oratoria",-8.481569,39.621747,"EUROPE",2020
"338","Iris oratoria",3.015886,42.269488,"EUROPE",2020
"339","Iris oratoria",-6.045877,39.29673,"EUROPE",2024
"340","Iris oratoria",-3.732975,40.450395,"EUROPE",2017
"341","Iris oratoria",-0.174193,41.784171,"EUROPE",2024
"342","Iris oratoria",-3.279161,38.485437,"EUROPE",2016
"343","Iris oratoria",-4.370267,36.832694,"EUROPE",2024
"344","Iris oratoria",-2.34602,37.074273,"EUROPE",2024
"345","Iris oratoria",23.7815,37.812513,"EUROPE",2024
"346","Iris oratoria",-2.210863,37.041166,"EUROPE",2024
"347","Iris oratoria",-3.941919,38.204889,"EUROPE",2024
"348","Iris oratoria",-1.925989,37.243514,"EUROPE",2024
"349","Iris oratoria",-1.595778,38.412054,"EUROPE",2024
"350","Iris oratoria",-2.93129,37.007159,"EUROPE",2016
"351","Iris oratoria",18.171684,40.466607,"EUROPE",2023
"352","Iris oratoria",4.140175,43.559251,"EUROPE",2017
"353","Iris oratoria",-7.269206,38.393158,"EUROPE",2017
"354","Iris oratoria",-6.118737,36.684922,"EUROPE",2023
"355","Iris oratoria",-4.009935,39.862604,"EUROPE",2023
"356","Iris oratoria",-4.765265,36.619037,"EUROPE",2023
"357","Iris oratoria",-5.138183,40.063784,"EUROPE",2023
"358","Iris oratoria",-7.407899,39.348219,"EUROPE",2020
"359","Iris oratoria",0.106648,38.803879,"EUROPE",2023
"360","Iris oratoria",-7.03636,38.765293,"EUROPE",2023
"361","Iris oratoria",5.669823,43.448924,"EUROPE",2022
"362","Iris oratoria",-4.611618,36.644801,"EUROPE",2023
"363","Iris oratoria",-3.366673,40.124393,"EUROPE",2023
"364","Iris oratoria",-8.554672,37.284244,"EUROPE",2023
"365","Iris oratoria",-5.093504,37.232752,"EUROPE",2023
"366","Iris oratoria",-8.387318,39.400797,"EUROPE",2023
"367","Iris oratoria",5.559085,43.388331,"EUROPE",2023
"368","Iris oratoria",21.659163,36.969145,"EUROPE",2023
"369","Iris oratoria",-8.017142,38.527227,"EUROPE",2023
"370","Iris oratoria",16.577041,40.761441,"EUROPE",2020
"371","Iris oratoria",-3.124281,36.97779,"EUROPE",2017
"372","Iris oratoria",-2.719983,36.822271,"EUROPE",2017
"373","Iris oratoria",2.848551,43.159893,"EUROPE",2023
"374","Iris oratoria",-6.192883,36.886287,"EUROPE",2023
"375","Iris oratoria",-4.406579,39.323856,"EUROPE",2023
"376","Iris oratoria",-0.500699,39.876747,"EUROPE",2019
"377","Iris oratoria",22.886807,40.419426,"EUROPE",2009
"378","Iris oratoria",-8.916956,38.5166,"EUROPE",2023
"379","Iris oratoria",8.721854,41.910003,"EUROPE",2022
"380","Iris oratoria",23.194679,41.243643,"EUROPE",2023
"381","Iris oratoria",5.38808,43.70533,"EUROPE",2021
"382","Iris oratoria",5.52013,43.68756,"EUROPE",2023
"383","Iris oratoria",-8.729125,38.167032,"EUROPE",2023
"384","Iris oratoria",3.71186,43.58135,"EUROPE",2018
"385","Iris oratoria",1.812042,41.416107,"EUROPE",2023
"386","Iris oratoria",3.723184,43.436928,"EUROPE",2020
"387","Iris oratoria",-7.661359,37.638988,"EUROPE",2018
"388","Iris oratoria",5.221487,43.909672,"EUROPE",2023
"389","Iris oratoria",-7.837358,37.67727,"EUROPE",2023
"390","Iris oratoria",-4.795183,39.212238,"EUROPE",2020
"391","Iris oratoria",1.779426,41.263194,"EUROPE",2023
"392","Iris oratoria",4.0359,43.81389,"EUROPE",2020
"393","Iris oratoria",23.263679,41.454631,"EUROPE",2021
"394","Iris oratoria",2.031029,41.515381,"EUROPE",2023
"395","Iris oratoria",13.616366,37.692239,"EUROPE",2023
"396","Iris oratoria",33.357136,34.910294,"EUROPE",2023
"397","Iris oratoria",4.923769,43.779297,"EUROPE",2021
"398","Iris oratoria",20.679887,38.775162,"EUROPE",2023
"399","Iris oratoria",6.479488,43.501233,"EUROPE",2023
"400","Iris oratoria",6.30868,43.151938,"EUROPE",2023
"401","Iris oratoria",-2.162585,37.346169,"EUROPE",2021
"402","Iris oratoria",6.81852,43.416615,"EUROPE",2019
"403","Iris oratoria",4.724962,43.444195,"EUROPE",2023
"404","Iris oratoria",4.90294,43.97111,"EUROPE",2023
"405","Iris oratoria",9.272061,41.533166,"EUROPE",2020
"406","Iris oratoria",-7.850411,37.024023,"EUROPE",2023
"407","Iris oratoria",-7.796455,37.138016,"EUROPE",2022
"408","Iris oratoria",18.060489,40.269686,"EUROPE",2022
"409","Iris oratoria",-8.44268,37.53207,"EUROPE",2023
"410","Iris oratoria",-8.428542,39.999061,"EUROPE",2023
"411","Iris oratoria",12.402881,41.666451,"EUROPE",2023
"412","Iris oratoria",6.343836,43.386388,"EUROPE",2023
"413","Iris oratoria",5.02967,43.695281,"EUROPE",2023
"414","Iris oratoria",25.125772,37.045869,"EUROPE",2023
"415","Iris oratoria",5.675053,43.692517,"EUROPE",2023
"416","Iris oratoria",-1.5681,37.855364,"EUROPE",2007
"417","Iris oratoria",4.76595,44.17771,"EUROPE",2022
"418","Iris oratoria",-2.123714,38.193645,"EUROPE",2023
"419","Iris oratoria",4.495667,44.032575,"EUROPE",2023
"420","Iris oratoria",8.494086,39.136335,"EUROPE",2023
"421","Iris oratoria",-1.357313,39.481138,"EUROPE",2023
"422","Iris oratoria",-7.016196,40.042811,"EUROPE",2023
"423","Iris oratoria",-4.385458,40.401567,"EUROPE",2021
"424","Iris oratoria",-6.276731,39.433466,"EUROPE",2023
"425","Iris oratoria",-3.424505,40.530942,"EUROPE",2015
"426","Iris oratoria",-7.05649,41.000423,"EUROPE",2023
"427","Iris oratoria",-2.796375,36.756232,"EUROPE",2015
"428","Iris oratoria",5.273235,43.737803,"EUROPE",2023
"429","Iris oratoria",5.539977,43.364795,"EUROPE",2023
"430","Iris oratoria",12.638517,41.502788,"EUROPE",2023
"431","Iris oratoria",21.870769,41.507797,"EUROPE",2023
"432","Iris oratoria",14.042625,37.46778,"EUROPE",2023
"433","Iris oratoria",-8.524587,39.518153,"EUROPE",2023
"434","Iris oratoria",-8.125992,39.5289,"EUROPE",2023
"435","Iris oratoria",-7.598533,41.248525,"EUROPE",2023
"436","Iris oratoria",7.042312,43.661946,"EUROPE",2021
"437","Iris oratoria",-8.548363,37.636139,"EUROPE",2023
"438","Iris oratoria",3.158052,43.378264,"EUROPE",2023
"439","Iris oratoria",3.971285,43.936909,"EUROPE",2023
"440","Iris oratoria",-5.700124,36.140874,"EUROPE",2023
"441","Iris oratoria",-4.448093,36.875044,"EUROPE",2023
"442","Iris oratoria",0.933355,41.092891,"EUROPE",2011
"443","Iris oratoria",-1.423073,39.201261,"EUROPE",2023
"444","Iris oratoria",15.059456,37.303194,"EUROPE",2020
"445","Iris oratoria",5.005129,44.194522,"EUROPE",2023
"446","Iris oratoria",25.898609,39.206621,"EUROPE",2014
"447","Iris oratoria",-6.04956,39.974522,"EUROPE",2016
"448","Iris oratoria",6.59076,43.50433,"EUROPE",2023
"449","Iris oratoria",-0.126461,40.166687,"EUROPE",2023
"450","Iris oratoria",5.20072,43.76171,"EUROPE",2023
"451","Iris oratoria",-7.91048,37.453169,"EUROPE",2023
"452","Iris oratoria",-4.790306,36.947568,"EUROPE",2022
"453","Iris oratoria",8.759142,40.148982,"EUROPE",2023
"454","Iris oratoria",5.25348,43.43817,"EUROPE",2006
"455","Iris oratoria",9.23317,41.494141,"EUROPE",2017
"456","Iris oratoria",16.177418,43.513843,"EUROPE",2023
"457","Iris oratoria",4.528458,43.623974,"EUROPE",2022
"458","Iris oratoria",20.705649,38.709931,"EUROPE",2023
"459","Iris oratoria",9.588283,40.74986,"EUROPE",2023
"460","Iris oratoria",-7.90862,38.602568,"EUROPE",2021
"461","Iris oratoria",15.833928,41.873664,"EUROPE",2023
"462","Iris oratoria",3.529289,43.662377,"EUROPE",2021
"463","Iris oratoria",-7.466062,41.762984,"EUROPE",2023
"464","Iris oratoria",-7.008919,38.882689,"EUROPE",2023
"465","Iris oratoria",2.716704,43.259798,"EUROPE",2023
"466","Iris oratoria",8.268288,40.873697,"EUROPE",2023
"467","Iris oratoria",16.852243,43.293421,"EUROPE",2023
"468","Iris oratoria",23.460904,40.263012,"EUROPE",2023
"469","Iris oratoria",25.908988,35.031914,"EUROPE",2008
"470","Iris oratoria",9.297663,41.655404,"EUROPE",2018
"471","Iris oratoria",5.012254,43.921994,"EUROPE",2022
"472","Iris oratoria",26.187513,39.37283,"EUROPE",2022
"473","Iris oratoria",2.691231,43.222791,"EUROPE",2023
"474","Iris oratoria",16.637248,43.259226,"EUROPE",2023
"475","Iris oratoria",17.844646,40.290527,"EUROPE",2023
"476","Iris oratoria",8.759313,41.988597,"EUROPE",2023
"477","Iris oratoria",0.318249,40.962933,"EUROPE",2023
"478","Iris oratoria",1.365931,41.134015,"EUROPE",2010
"479","Iris oratoria",-1.111181,38.031169,"EUROPE",2023
"480","Iris oratoria",25.450388,37.088958,"EUROPE",2022
"481","Iris oratoria",4.77804,43.70835,"EUROPE",NA
"482","Iris oratoria",12.206799,51.323719,"EUROPE",2023
"483","Iris oratoria",-8.317848,40.092632,"EUROPE",2023
"484","Iris oratoria",-4.916589,36.942578,"EUROPE",2023
"485","Iris oratoria",-0.666969,38.906246,"EUROPE",2016
"486","Iris oratoria",9.286914,39.255019,"EUROPE",2023
"487","Iris oratoria",16.613428,38.84484,"EUROPE",2023
"488","Iris oratoria",-3.525637,40.31564,"EUROPE",2023
"489","Iris oratoria",-8.715215,37.776932,"EUROPE",2023
"490","Iris oratoria",12.827562,37.940855,"EUROPE",2023
"491","Iris oratoria",23.721328,35.251917,"EUROPE",2023
"492","Iris oratoria",16.160228,39.616112,"EUROPE",2023
"493","Iris oratoria",-5.668597,39.807883,"EUROPE",2023
"494","Iris oratoria",-7.314807,39.701499,"EUROPE",2023
"495","Iris oratoria",-8.679869,39.335636,"EUROPE",2023
"496","Iris oratoria",-4.397275,40.86985,"EUROPE",2023
"497","Iris oratoria",15.101225,36.802688,"EUROPE",2023
"498","Iris oratoria",23.055017,40.594431,"EUROPE",2023
"499","Iris oratoria",13.999982,40.959369,"EUROPE",2023
"500","Iris oratoria",1.577005,39.003228,"EUROPE",2023
"501","Iris oratoria",-1.174952,38.282347,"EUROPE",2023
"502","Iris oratoria",20.884967,38.782763,"EUROPE",2023
"503","Iris oratoria",5.277635,43.890497,"EUROPE",2023
"504","Iris oratoria",17.232024,40.992909,"EUROPE",2023
"505","Iris oratoria",32.751392,34.976727,"EUROPE",2023
"506","Iris oratoria",8.63204,39.410787,"EUROPE",2023
"507","Iris oratoria",24.536287,35.218163,"EUROPE",2023
"508","Iris oratoria",9.464744,41.237302,"EUROPE",2023
"509","Iris oratoria",-0.053664,39.980219,"EUROPE",2023
"510","Iris oratoria",16.496671,40.670489,"EUROPE",2023
"511","Iris oratoria",-0.408039,38.442996,"EUROPE",2022
"512","Iris oratoria",-8.101377,37.301694,"EUROPE",2023
"513","Iris oratoria",5.67762,43.51883,"EUROPE",2011
"514","Iris oratoria",1.637111,41.538041,"EUROPE",2021
"515","Iris oratoria",-5.33355,36.748106,"EUROPE",2023
"516","Iris oratoria",-1.167592,38.241985,"EUROPE",2022
"517","Iris oratoria",-3.126082,37.295223,"EUROPE",2021
"518","Iris oratoria",1.976774,41.280388,"EUROPE",2006
"519","Iris oratoria",-0.62954,38.159971,"EUROPE",2023
"520","Iris oratoria",-5.024405,36.935091,"EUROPE",2023
"521","Iris oratoria",2.912452,42.068012,"EUROPE",2022
"522","Iris oratoria",-2.306256,39.299834,"EUROPE",2020
"523","Iris oratoria",-6.329523,36.779504,"EUROPE",2022
"524","Iris oratoria",-7.78502,41.129585,"EUROPE",2022
"525","Iris oratoria",1.173586,41.68356,"EUROPE",2022
"526","Iris oratoria",-6.338685,38.988301,"EUROPE",2022
"527","Iris oratoria",-5.569038,36.247596,"EUROPE",2022
"528","Iris oratoria",-0.497975,38.701622,"EUROPE",2022
"529","Iris oratoria",23.973203,41.197842,"EUROPE",2022
"530","Iris oratoria",-8.392625,38.417022,"EUROPE",2022
"531","Iris oratoria",15.75603,43.793594,"EUROPE",2022
"532","Iris oratoria",-0.818779,38.231524,"EUROPE",2022
"533","Iris oratoria",-3.678188,39.170476,"EUROPE",2022
"534","Iris oratoria",-7.724392,38.995949,"EUROPE",2022
"535","Iris oratoria",-5.393913,36.900007,"EUROPE",2022
"536","Iris oratoria",9.322163,42.659348,"EUROPE",2022
"537","Iris oratoria",-9.169088,38.66064,"EUROPE",2022
"538","Iris oratoria",23.270221,38.349657,"EUROPE",2022
"539","Iris oratoria",20.388359,39.285564,"EUROPE",2022
"540","Iris oratoria",22.958612,40.672474,"EUROPE",2022
"541","Iris oratoria",-7.611921,39.914893,"EUROPE",2022
"542","Iris oratoria",4.076647,43.900614,"EUROPE",2022
"543","Iris oratoria",23.992167,37.7791,"EUROPE",2022
"544","Iris oratoria",1.88559,41.403904,"EUROPE",2019
"545","Iris oratoria",5.85716,43.2776,"EUROPE",2022
"546","Iris oratoria",-7.374594,39.405083,"EUROPE",2022
"547","Iris oratoria",16.300775,43.531287,"EUROPE",2022
"548","Iris oratoria",17.303732,40.41849,"EUROPE",2022
"549","Iris oratoria",0.706062,40.788992,"EUROPE",2022
"550","Iris oratoria",17.028164,38.915007,"EUROPE",2022
"551","Iris oratoria",16.096892,41.355495,"EUROPE",2022
"552","Iris oratoria",22.508176,38.480348,"EUROPE",2022
"553","Iris oratoria",-4.571857,36.795751,"EUROPE",2022
"554","Iris oratoria",-4.000167,40.446565,"EUROPE",2021
"555","Iris oratoria",-1.618024,38.081621,"EUROPE",2022
"556","Iris oratoria",12.448532,42.331757,"EUROPE",2022
"557","Iris oratoria",-3.77493,40.783273,"EUROPE",2022
"558","Iris oratoria",13.256888,37.429235,"EUROPE",2022
"559","Iris oratoria",-7.475558,37.461738,"EUROPE",2022
"560","Iris oratoria",-2.820526,36.99934,"EUROPE",2022
"561","Iris oratoria",-6.619,37.346887,"EUROPE",2022
"562","Iris oratoria",6.347106,43.501622,"EUROPE",2022
"563","Iris oratoria",7.198722,43.675581,"EUROPE",2022
"564","Iris oratoria",6.180907,43.470559,"EUROPE",2022
"565","Iris oratoria",9.65202,40.855188,"EUROPE",2018
"566","Iris oratoria",-2.726496,40.624003,"EUROPE",2009
"567","Iris oratoria",-5.863383,39.436872,"EUROPE",2022
"568","Iris oratoria",0.283284,40.316316,"EUROPE",2022
"569","Iris oratoria",-5.588888,40.53748,"EUROPE",2022
"570","Iris oratoria",-7.419734,37.254835,"EUROPE",2020
"571","Iris oratoria",3.501605,43.537493,"EUROPE",2022
"572","Iris oratoria",-3.729601,36.859543,"EUROPE",2021
"573","Iris oratoria",-8.373888,39.614238,"EUROPE",2022
"574","Iris oratoria",21.438829,38.380475,"EUROPE",2022
"575","Iris oratoria",6.09282,43.16348,"EUROPE",1985
"576","Iris oratoria",-1.080226,38.345898,"EUROPE",2022
"577","Iris oratoria",-3.782733,40.470001,"EUROPE",2022
"578","Iris oratoria",-8.901332,39.143908,"EUROPE",2016
"579","Iris oratoria",-2.229481,37.596316,"EUROPE",2022
"580","Iris oratoria",-7.496995,40.267242,"EUROPE",2022
"581","Iris oratoria",-3.493463,40.796105,"EUROPE",2020
"582","Iris oratoria",10.849472,42.769751,"EUROPE",2022
"583","Iris oratoria",0.840825,41.26564,"EUROPE",2022
"584","Iris oratoria",-6.087381,36.271102,"EUROPE",2022
"585","Iris oratoria",18.07098,40.150666,"EUROPE",2022
"586","Iris oratoria",-7.066942,41.716184,"EUROPE",2022
"587","Iris oratoria",-4.634331,36.865592,"EUROPE",2022
"588","Iris oratoria",-1.359461,37.737203,"EUROPE",2022
"589","Iris oratoria",9.336975,40.815242,"EUROPE",2022
"590","Iris oratoria",-3.824448,40.247659,"EUROPE",2022
"591","Iris oratoria",-8.193886,39.440422,"EUROPE",2022
"592","Iris oratoria",-8.178505,39.744503,"EUROPE",2022
"593","Iris oratoria",-7.192832,37.983116,"EUROPE",2022
"594","Iris oratoria",-6.34941,41.433219,"EUROPE",2007
"595","Iris oratoria",-8.097872,39.628558,"EUROPE",2022
"596","Iris oratoria",-4.637088,36.655883,"EUROPE",2022
"597","Iris oratoria",13.63043,37.288087,"EUROPE",2022
"598","Iris oratoria",2.889919,42.380104,"EUROPE",2017
"599","Iris oratoria",5.965405,43.740436,"EUROPE",2019
"600","Iris oratoria",9.740443,40.609797,"EUROPE",2022
"601","Iris oratoria",-6.040001,38.099758,"EUROPE",2022
"602","Iris oratoria",13.006664,37.669312,"EUROPE",2022
"603","Iris oratoria",-7.833136,37.510207,"EUROPE",2022
"604","Iris oratoria",23.854976,35.384535,"EUROPE",2022
"605","Iris oratoria",-3.256825,36.932681,"EUROPE",2022
"606","Iris oratoria",-3.660944,40.824652,"EUROPE",2022
"607","Iris oratoria",4.924963,44.004986,"EUROPE",2022
"608","Iris oratoria",21.63475,37.009775,"EUROPE",2022
"609","Iris oratoria",26.199878,39.207987,"EUROPE",2019
"610","Iris oratoria",-4.28747,37.218955,"EUROPE",2020
"611","Iris oratoria",5.144667,44.103917,"EUROPE",2022
"612","Iris oratoria",-4.087412,37.420364,"EUROPE",2022
"613","Iris oratoria",27.864992,35.966063,"EUROPE",2022
"614","Iris oratoria",-3.549442,37.065451,"EUROPE",2016
"615","Iris oratoria",-9.168627,38.759346,"EUROPE",2022
"616","Iris oratoria",9.716242,40.704923,"EUROPE",2022
"617","Iris oratoria",11.106925,42.75337,"EUROPE",2022
"618","Iris oratoria",-0.977767,37.788825,"EUROPE",2022
"619","Iris oratoria",3.279909,43.751807,"EUROPE",2022
"620","Iris oratoria",-0.776471,38.404012,"EUROPE",2022
"621","Iris oratoria",4.64272,43.67413,"EUROPE",2014
"622","Iris oratoria",13.454582,37.969155,"EUROPE",2020
"623","Iris oratoria",26.02593,40.869118,"EUROPE",2022
"624","Iris oratoria",25.967997,40.909857,"EUROPE",2022
"625","Iris oratoria",26.206152,41.762914,"EUROPE",2022
"626","Iris oratoria",8.806638,41.71097,"EUROPE",2022
"627","Iris oratoria",10.857853,44.686264,"EUROPE",2022
"628","Iris oratoria",-3.7197,40.624914,"EUROPE",2022
"629","Iris oratoria",24.440623,36.68832,"EUROPE",2022
"630","Iris oratoria",9.11657,39.353542,"EUROPE",2022
"631","Iris oratoria",2.951448,42.341142,"EUROPE",2022
"632","Iris oratoria",21.295038,37.820044,"EUROPE",2022
"633","Iris oratoria",4.475795,43.636292,"EUROPE",2022
"634","Iris oratoria",3.739785,43.936358,"EUROPE",2022
"635","Iris oratoria",20.844964,37.826422,"EUROPE",2022
"636","Iris oratoria",20.63717,38.249713,"EUROPE",2022
"637","Iris oratoria",9.146835,41.242746,"EUROPE",2022
"638","Iris oratoria",25.730164,35.288883,"EUROPE",2019
"639","Iris oratoria",-4.562647,40.419667,"EUROPE",2022
"640","Iris oratoria",-2.51619,37.175301,"EUROPE",2022
"641","Iris oratoria",-6.170672,37.20588,"EUROPE",2022
"642","Iris oratoria",23.80963,38.08685,"EUROPE",2021
"643","Iris oratoria",2.977455,42.63723,"EUROPE",2022
"644","Iris oratoria",-7.891355,38.165809,"EUROPE",2022
"645","Iris oratoria",22.050744,37.534478,"EUROPE",2022
"646","Iris oratoria",0.74019,45.626828,"EUROPE",2022
"647","Iris oratoria",25.719166,35.202849,"EUROPE",2022
"648","Iris oratoria",-2.142343,37.38349,"EUROPE",2022
"649","Iris oratoria",-3.164024,40.686893,"EUROPE",2022
"650","Iris oratoria",-3.755387,39.228603,"EUROPE",2022
"651","Iris oratoria",-2.471702,38.701264,"EUROPE",2022
"652","Iris oratoria",0.73645,41.247244,"EUROPE",2022
"653","Iris oratoria",21.990437,37.3041,"EUROPE",2022
"654","Iris oratoria",-7.597874,37.944345,"EUROPE",2022
"655","Iris oratoria",-7.851531,37.4935,"EUROPE",2022
"656","Iris oratoria",-3.371554,40.491729,"EUROPE",2021
"657","Iris oratoria",-5.495615,36.765641,"EUROPE",2013
"658","Iris oratoria",-0.074973,40.054983,"EUROPE",2014
"659","Iris oratoria",12.338287,41.8144,"EUROPE",2019
"660","Iris oratoria",-7.869759,40.083187,"EUROPE",2021
"661","Iris oratoria",4.75673,44.04172,"EUROPE",2021
"662","Iris oratoria",-2.684754,36.913396,"EUROPE",2021
"663","Iris oratoria",-3.502707,38.714481,"EUROPE",2021
"664","Iris oratoria",-2.636976,39.358558,"EUROPE",2010
"665","Iris oratoria",25.127141,37.560525,"EUROPE",2021
"666","Iris oratoria",3.437737,43.681218,"EUROPE",2021
"667","Iris oratoria",4.85637,43.612,"EUROPE",2021
"668","Iris oratoria",13.441902,37.432977,"EUROPE",2021
"669","Iris oratoria",-4.950347,36.807786,"EUROPE",2021
"670","Iris oratoria",25.841541,41.627277,"EUROPE",2021
"671","Iris oratoria",5.32792,43.75164,"EUROPE",2021
"672","Iris oratoria",-7.649151,37.60824,"EUROPE",2021
"673","Iris oratoria",-4.047706,40.691028,"EUROPE",2021
"674","Iris oratoria",-6.434699,37.019109,"EUROPE",2021
"675","Iris oratoria",9.720306,40.382976,"EUROPE",2021
"676","Iris oratoria",13.95026,37.5027,"EUROPE",2021
"677","Iris oratoria",5.173797,43.733149,"EUROPE",2021
"678","Iris oratoria",-5.103644,40.199031,"EUROPE",2021
"679","Iris oratoria",-7.118691,41.242862,"EUROPE",2021
"680","Iris oratoria",-0.729268,41.401223,"EUROPE",2021
"681","Iris oratoria",-3.618233,40.204428,"EUROPE",2021
"682","Iris oratoria",-3.339964,38.021199,"EUROPE",2021
"683","Iris oratoria",-2.578182,38.416275,"EUROPE",2021
"684","Iris oratoria",0.390101,40.805988,"EUROPE",2021
"685","Iris oratoria",-5.458124,39.995259,"EUROPE",2021
"686","Iris oratoria",-2.163534,39.199735,"EUROPE",2021
"687","Iris oratoria",-4.344471,38.660133,"EUROPE",2017
"688","Iris oratoria",-6.859161,38.874446,"EUROPE",2021
"689","Iris oratoria",16.526011,41.130257,"EUROPE",2021
"690","Iris oratoria",12.754557,41.759274,"EUROPE",2021
"691","Iris oratoria",-3.640552,40.185398,"EUROPE",2019
"692","Iris oratoria",-7.820087,39.05062,"EUROPE",2019
"693","Iris oratoria",21.621834,39.719009,"EUROPE",2021
"694","Iris oratoria",-3.488661,37.051326,"EUROPE",2021
"695","Iris oratoria",-3.711538,40.372418,"EUROPE",2018
"696","Iris oratoria",-5.332173,40.172305,"EUROPE",2021
"697","Iris oratoria",-8.308872,39.685,"EUROPE",2021
"698","Iris oratoria",-3.600258,40.597495,"EUROPE",2021
"699","Iris oratoria",-1.28312,40.066274,"EUROPE",2021
"700","Iris oratoria",3.645231,43.675206,"EUROPE",2014
"701","Iris oratoria",-9.004119,39.195803,"EUROPE",2021
"702","Iris oratoria",-5.936934,39.533659,"EUROPE",2021
"703","Iris oratoria",-3.948727,40.477182,"EUROPE",2011
"704","Iris oratoria",0.529514,40.867564,"EUROPE",2021
"705","Iris oratoria",-8.799275,37.134907,"EUROPE",2019
"706","Iris oratoria",-8.372946,37.339856,"EUROPE",2021
"707","Iris oratoria",-8.702573,39.537972,"EUROPE",2021
"708","Iris oratoria",28.057159,36.266888,"EUROPE",2021
"709","Iris oratoria",21.785041,36.801894,"EUROPE",2021
"710","Iris oratoria",6.80397,43.5299,"EUROPE",2007
"711","Iris oratoria",-0.034504,40.367526,"EUROPE",2021
"712","Iris oratoria",-6.753287,40.149357,"EUROPE",2021
"713","Iris oratoria",0.332096,42.17497,"EUROPE",2016
"714","Iris oratoria",3.323365,39.68001,"EUROPE",2021
"715","Iris oratoria",-8.067394,39.079021,"EUROPE",2021
"716","Iris oratoria",9.115261,40.993078,"EUROPE",2021
"717","Iris oratoria",17.910345,40.301553,"EUROPE",2021
"718","Iris oratoria",-3.787935,40.666521,"EUROPE",2021
"719","Iris oratoria",12.885487,41.434611,"EUROPE",2021
"720","Iris oratoria",-4.55195,36.996053,"EUROPE",2021
"721","Iris oratoria",-2.556703,39.374533,"EUROPE",2010
"722","Iris oratoria",-7.504925,39.386635,"EUROPE",2021
"723","Iris oratoria",-5.939987,39.860396,"EUROPE",2021
"724","Iris oratoria",-7.309387,38.002642,"EUROPE",2021
"725","Iris oratoria",3.215795,43.344233,"EUROPE",2019
"726","Iris oratoria",3.12291,43.28186,"EUROPE",2021
"727","Iris oratoria",16.270177,39.608609,"EUROPE",2021
"728","Iris oratoria",-8.0247,38.899356,"EUROPE",2021
"729","Iris oratoria",33.0081,34.8511,"EUROPE",2021
"730","Iris oratoria",-4.172033,40.486509,"EUROPE",2012
"731","Iris oratoria",1.170159,41.262394,"EUROPE",2010
"732","Iris oratoria",-3.67923,36.957824,"EUROPE",2021
"733","Iris oratoria",-8.715652,39.74436,"EUROPE",2021
"734","Iris oratoria",8.997028,39.316816,"EUROPE",2018
"735","Iris oratoria",-7.531746,37.605585,"EUROPE",2020
"736","Iris oratoria",-8.94757,38.706548,"EUROPE",2021
"737","Iris oratoria",-6.960518,40.890427,"EUROPE",2021
"738","Iris oratoria",-5.661527,37.966143,"EUROPE",2021
"739","Iris oratoria",12.54232,42.081472,"EUROPE",2015
"740","Iris oratoria",-6.507782,37.129839,"EUROPE",2021
"741","Iris oratoria",4.899245,43.715338,"EUROPE",2017
"742","Iris oratoria",4.88467,43.49021,"EUROPE",2021
"743","Iris oratoria",-3.338558,40.505818,"EUROPE",2021
"744","Iris oratoria",2.042663,41.419262,"EUROPE",2008
"745","Iris oratoria",-3.052558,37.344195,"EUROPE",2021
"746","Iris oratoria",-0.474334,39.530802,"EUROPE",2013
"747","Iris oratoria",1.544824,41.320278,"EUROPE",2016
"748","Iris oratoria",6.27252,43.37152,"EUROPE",2019
"749","Iris oratoria",5.32244,43.61673,"EUROPE",2020
"750","Iris oratoria",-0.684385,39.493894,"EUROPE",2020
"751","Iris oratoria",-3.202772,37.412539,"EUROPE",2020
"752","Iris oratoria",2.648558,39.747319,"EUROPE",2019
"753","Iris oratoria",-5.306268,37.755959,"EUROPE",2020
"754","Iris oratoria",9.23325,42.71904,"EUROPE",2020
"755","Iris oratoria",-6.212597,36.631475,"EUROPE",2013
"756","Iris oratoria",6.47608,43.22573,"EUROPE",2020
"757","Iris oratoria",22.413575,39.643949,"EUROPE",2020
"758","Iris oratoria",24.024861,37.65435,"EUROPE",2020
"759","Iris oratoria",4.9134,44.13218,"EUROPE",2020
"760","Iris oratoria",-7.986761,38.723221,"EUROPE",2020
"761","Iris oratoria",-0.575452,38.948462,"EUROPE",2015
"762","Iris oratoria",-0.93,38.65,"EUROPE",2020
"763","Iris oratoria",-2.149329,39.811239,"EUROPE",2020
"764","Iris oratoria",-4.154012,38.635813,"EUROPE",2020
"765","Iris oratoria",-7.989697,38.257496,"EUROPE",2020
"766","Iris oratoria",-6.904562,41.046357,"EUROPE",2020
"767","Iris oratoria",12.202834,41.895416,"EUROPE",2020
"768","Iris oratoria",-2.035876,40.158487,"EUROPE",2020
"769","Iris oratoria",24.915747,37.83165,"EUROPE",2020
"770","Iris oratoria",26.091758,35.182325,"EUROPE",2020
"771","Iris oratoria",-0.015332,40.239445,"EUROPE",2020
"772","Iris oratoria",3.10802,42.46648,"EUROPE",2006
"773","Iris oratoria",18.299996,39.941167,"EUROPE",2020
"774","Iris oratoria",23.992076,38.222568,"EUROPE",2020
"775","Iris oratoria",-8.22867,38.804732,"EUROPE",2020
"776","Iris oratoria",21.750911,36.945438,"EUROPE",2020
"777","Iris oratoria",0.109147,40.935284,"EUROPE",2020
"778","Iris oratoria",16.249628,39.359739,"EUROPE",2020
"779","Iris oratoria",12.719844,41.683599,"EUROPE",2018
"780","Iris oratoria",9.445999,40.993322,"EUROPE",2020
"781","Iris oratoria",4.865969,43.887224,"EUROPE",2015
"782","Iris oratoria",9.463808,41.108933,"EUROPE",2020
"783","Iris oratoria",-1.58777,42.291046,"EUROPE",2020
"784","Iris oratoria",-4.093738,38.693901,"EUROPE",2010
"785","Iris oratoria",3.48413,43.30929,"EUROPE",2014
"786","Iris oratoria",0.776103,41.138577,"EUROPE",2020
"787","Iris oratoria",12.616944,41.759722,"EUROPE",2020
"788","Iris oratoria",-1.221518,41.790047,"EUROPE",2020
"789","Iris oratoria",4.429439,43.763364,"EUROPE",2020
"790","Iris oratoria",20.136005,40.07458,"EUROPE",2020
"791","Iris oratoria",9.549384,39.891661,"EUROPE",2020
"792","Iris oratoria",3.46399,43.38562,"EUROPE",2020
"793","Iris oratoria",4.73997,44.20393,"EUROPE",2020
"794","Iris oratoria",-7.201648,41.387618,"EUROPE",2020
"795","Iris oratoria",-7.394194,41.28073,"EUROPE",2006
"796","Iris oratoria",-7.471382,41.398056,"EUROPE",2020
"797","Iris oratoria",15.107847,36.931488,"EUROPE",2020
"798","Iris oratoria",11.130297,42.766459,"EUROPE",2017
"799","Iris oratoria",-7.967035,39.789165,"EUROPE",2020
"800","Iris oratoria",-2.486944,38.430329,"EUROPE",2020
"801","Iris oratoria",-2.553077,38.320145,"EUROPE",2020
"802","Iris oratoria",9.555896,39.516661,"EUROPE",2020
"803","Iris oratoria",-8.648826,38.064493,"EUROPE",2020
"804","Iris oratoria",-5.868158,39.984749,"EUROPE",2020
"805","Iris oratoria",-0.700663,38.481538,"EUROPE",2020
"806","Iris oratoria",8.616239,40.07889,"EUROPE",2020
"807","Iris oratoria",15.341228,41.246037,"EUROPE",2020
"808","Iris oratoria",-4.081925,38.892444,"EUROPE",2019
"809","Iris oratoria",-5.245177,36.639993,"EUROPE",2007
"810","Iris oratoria",-6.540592,40.601723,"EUROPE",2019
"811","Iris oratoria",-6.255849,40.401891,"EUROPE",2019
"812","Iris oratoria",-5.886894,39.460391,"EUROPE",2019
"813","Iris oratoria",-5.030285,37.975455,"EUROPE",2019
"814","Iris oratoria",5.73428,43.35677,"EUROPE",2019
"815","Iris oratoria",22.899298,40.9818,"EUROPE",2019
"816","Iris oratoria",-6.899071,38.866571,"EUROPE",2019
"817","Iris oratoria",7.4115,43.80664,"EUROPE",2019
"818","Iris oratoria",-3.507844,36.833662,"EUROPE",2019
"819","Iris oratoria",-3.210098,39.390075,"EUROPE",2018
"820","Iris oratoria",13.558142,37.287694,"EUROPE",2019
"821","Iris oratoria",-5.495853,39.337081,"EUROPE",2019
"822","Iris oratoria",-2.258008,37.266792,"EUROPE",2019
"823","Iris oratoria",22.929106,39.055382,"EUROPE",2019
"824","Iris oratoria",5.07159,43.5318,"EUROPE",2017
"825","Iris oratoria",-3.60718,40.06337,"EUROPE",2019
"826","Iris oratoria",2.840552,39.702688,"EUROPE",2019
"827","Iris oratoria",13.292088,37.822905,"EUROPE",2019
"828","Iris oratoria",12.448711,41.866713,"EUROPE",2014
"829","Iris oratoria",-2.372415,38.388431,"EUROPE",2018
"830","Iris oratoria",-1.136256,38.560856,"EUROPE",2018
"831","Iris oratoria",-3.946645,39.026986,"EUROPE",2018
"832","Iris oratoria",-2.819812,38.924824,"EUROPE",2019
"833","Iris oratoria",-4.517588,38.645614,"EUROPE",2019
"834","Iris oratoria",-4.138691,38.838421,"EUROPE",2019
"835","Iris oratoria",-3.64523,41.232931,"EUROPE",2019
"836","Iris oratoria",12.487466,41.889403,"EUROPE",2018
"837","Iris oratoria",-6.246643,38.053675,"EUROPE",2019
"838","Iris oratoria",12.677341,38.108675,"EUROPE",2019
"839","Iris oratoria",9.397139,39.144099,"EUROPE",2019
"840","Iris oratoria",12.69599,41.966766,"EUROPE",2019
"841","Iris oratoria",-5.570473,36.760498,"EUROPE",2019
"842","Iris oratoria",0.253394,40.669197,"EUROPE",2019
"843","Iris oratoria",-0.025154,42.017595,"EUROPE",2019
"844","Iris oratoria",-0.417913,39.475144,"EUROPE",2019
"845","Iris oratoria",-8.849069,39.524084,"EUROPE",2019
"846","Iris oratoria",-1.832485,39.00918,"EUROPE",2019
"847","Iris oratoria",-1.952305,37.108727,"EUROPE",2017
"848","Iris oratoria",20.899788,38.92163,"EUROPE",2019
"849","Iris oratoria",-8.71112,39.445502,"EUROPE",2019
"850","Iris oratoria",9.36239,42.04192,"EUROPE",2019
"851","Iris oratoria",-5.467705,39.096413,"EUROPE",2019
"852","Iris oratoria",-5.343627,39.86621,"EUROPE",2019
"853","Iris oratoria",14.495174,40.74995,"EUROPE",2019
"854","Iris oratoria",2.51916,43.3082,"EUROPE",2019
"855","Iris oratoria",-1.151032,37.906351,"EUROPE",2018
"856","Iris oratoria",-5.625687,36.557223,"EUROPE",2018
"857","Iris oratoria",0.017234,41.953787,"EUROPE",2017
"858","Iris oratoria",-8.06,37.57,"EUROPE",2018
"859","Iris oratoria",22.913946,36.806551,"EUROPE",2018
"860","Iris oratoria",16.561039,43.37361,"EUROPE",2018
"861","Iris oratoria",22.49985,38.479797,"EUROPE",2018
"862","Iris oratoria",-4.326976,37.122742,"EUROPE",2018
"863","Iris oratoria",18.059933,40.408179,"EUROPE",2018
"864","Iris oratoria",-0.63668,38.828052,"EUROPE",2018
"865","Iris oratoria",-4.474709,38.704997,"EUROPE",2018
"866","Iris oratoria",0.324644,40.556019,"EUROPE",2018
"867","Iris oratoria",-3.282238,39.411873,"EUROPE",2018
"868","Iris oratoria",-2.487573,38.536096,"EUROPE",2018
"869","Iris oratoria",-3.125776,36.980327,"EUROPE",2018
"870","Iris oratoria",5.06502,44.5309,"EUROPE",2018
"871","Iris oratoria",2.73992,43.10052,"EUROPE",2018
"872","Iris oratoria",18.007475,40.113121,"EUROPE",2018
"873","Iris oratoria",13.196573,41.386452,"EUROPE",2018
"874","Iris oratoria",9.296835,40.367754,"EUROPE",2018
"875","Iris oratoria",8.746436,40.566217,"EUROPE",2018
"876","Iris oratoria",8.998515,39.001648,"EUROPE",2018
"877","Iris oratoria",-0.649113,39.669108,"EUROPE",2018
"878","Iris oratoria",-4.711587,38.738266,"EUROPE",2018
"879","Iris oratoria",-6.28915,38.736731,"EUROPE",2018
"880","Iris oratoria",-5.617572,37.959147,"EUROPE",2018
"881","Iris oratoria",-0.57911,38.456231,"EUROPE",2018
"882","Iris oratoria",1.60051,42.83981,"EUROPE",2018
"883","Iris oratoria",-7.672929,39.650544,"EUROPE",2018
"884","Iris oratoria",1.64704,42.82258,"EUROPE",2018
"885","Iris oratoria",-4.889564,41.313782,"EUROPE",2018
"886","Iris oratoria",-6.204175,37.764453,"EUROPE",2018
"887","Iris oratoria",0.581546,41.562449,"EUROPE",2013
"888","Iris oratoria",-5.54012,39.892831,"EUROPE",2018
"889","Iris oratoria",-4.963272,41.414126,"EUROPE",2018
"890","Iris oratoria",-5.289343,36.427692,"EUROPE",2018
"891","Iris oratoria",-0.252621,39.157026,"EUROPE",2018
"892","Iris oratoria",-2.475334,39.337476,"EUROPE",2018
"893","Iris oratoria",-1.168139,38.015215,"EUROPE",2016
"894","Iris oratoria",-5.828416,38.579077,"EUROPE",2018
"895","Iris oratoria",-7.203651,37.601784,"EUROPE",2018
"896","Iris oratoria",-0.481553,38.933475,"EUROPE",2017
"897","Iris oratoria",4.53082,43.90727,"EUROPE",2017
"898","Iris oratoria",-3.454235,40.643844,"EUROPE",2017
"899","Iris oratoria",-2.749986,37.20997,"EUROPE",2017
"900","Iris oratoria",-5.939946,36.999876,"EUROPE",2017
"901","Iris oratoria",4.5591,43.78543,"EUROPE",2017
"902","Iris oratoria",1.240157,41.156868,"EUROPE",2017
"903","Iris oratoria",5.56598,43.52123,"EUROPE",2017
"904","Iris oratoria",-8.229062,40.302531,"EUROPE",2017
"905","Iris oratoria",5.887909,43.883329,"EUROPE",2017
"906","Iris oratoria",-8.967934,38.844254,"EUROPE",2017
"907","Iris oratoria",-4.743053,37.918694,"EUROPE",2017
"908","Iris oratoria",9.112203,41.077003,"EUROPE",2017
"909","Iris oratoria",-5.978193,37.705621,"EUROPE",2017
"910","Iris oratoria",9.5542,41.1002,"EUROPE",2017
"911","Iris oratoria",25.58299,35.005879,"EUROPE",2017
"912","Iris oratoria",-1.682389,38.530005,"EUROPE",2016
"913","Iris oratoria",0.830562,41.912074,"EUROPE",2017
"914","Iris oratoria",-6.418385,40.243327,"EUROPE",2017
"915","Iris oratoria",-2.063083,39.296642,"EUROPE",2017
"916","Iris oratoria",-6.331912,40.302788,"EUROPE",2017
"917","Iris oratoria",14.799629,37.704103,"EUROPE",2017
"918","Iris oratoria",3.61804,43.92308,"EUROPE",2017
"919","Iris oratoria",-2.677578,38.414754,"EUROPE",2017
"920","Iris oratoria",-4.367725,38.520737,"EUROPE",2017
"921","Iris oratoria",-1.90453,39.561512,"EUROPE",2017
"922","Iris oratoria",23.937285,35.488777,"EUROPE",2016
"923","Iris oratoria",-0.677322,39.068772,"EUROPE",2016
"924","Iris oratoria",-7.160769,38.288926,"EUROPE",2016
"925","Iris oratoria",-0.901051,39.346246,"EUROPE",2016
"926","Iris oratoria",-0.212544,38.56775,"EUROPE",2016
"927","Iris oratoria",-4.17017,40.523456,"EUROPE",2011
"928","Iris oratoria",13.316331,41.294855,"EUROPE",2016
"929","Iris oratoria",9.012893,40.120875,"EUROPE",2016
"930","Iris oratoria",-8.568834,38.109139,"EUROPE",2016
"931","Iris oratoria",13.700004,37.523914,"EUROPE",2016
"932","Iris oratoria",-6.532928,40.056686,"EUROPE",2016
"933","Iris oratoria",-2.702949,39.562251,"EUROPE",2016
"934","Iris oratoria",-1.743235,39.068839,"EUROPE",2016
"935","Iris oratoria",-1.483767,39.347757,"EUROPE",2015
"936","Iris oratoria",2.91586,42.83722,"EUROPE",2015
"937","Iris oratoria",5.19006,43.39447,"EUROPE",2006
"938","Iris oratoria",-0.9,39.14,"EUROPE",2015
"939","Iris oratoria",-0.21,40.55,"EUROPE",2015
"940","Iris oratoria",-4.545037,37.961705,"EUROPE",2015
"941","Iris oratoria",16.914689,41.015272,"EUROPE",2015
"942","Iris oratoria",-2.907429,40.35834,"EUROPE",2015
"943","Iris oratoria",-2.787513,37.503683,"EUROPE",2015
"944","Iris oratoria",-6.236685,40.181581,"EUROPE",2015
"945","Iris oratoria",-5.811652,36.756004,"EUROPE",2015
"946","Iris oratoria",2.89301,43.43819,"EUROPE",2008
"947","Iris oratoria",-2.462697,36.991498,"EUROPE",2014
"948","Iris oratoria",-5.858159,37.335058,"EUROPE",2014
"949","Iris oratoria",-5.494108,39.191953,"EUROPE",2013
"950","Iris oratoria",-3.26685,40.168859,"EUROPE",2013
"951","Iris oratoria",-1.084428,38.247786,"EUROPE",2013
"952","Iris oratoria",-0.255187,38.540083,"EUROPE",2012
"953","Iris oratoria",-6.298363,36.625844,"EUROPE",2013
"954","Iris oratoria",-0.706902,41.733553,"EUROPE",2013
"955","Iris oratoria",-0.592532,39.409141,"EUROPE",2013
"956","Iris oratoria",0.717649,40.721239,"EUROPE",2013
"957","Iris oratoria",16.066071,41.222432,"EUROPE",2013
"958","Iris oratoria",5.169082,43.622594,"EUROPE",2013
"959","Iris oratoria",14.82708,37.763116,"EUROPE",2013
"960","Iris oratoria",21.637202,39.713671,"EUROPE",2013
"961","Iris oratoria",-4.356036,40.272322,"EUROPE",2013
"962","Iris oratoria",-3.436521,38.585,"EUROPE",2013
"963","Iris oratoria",-6.005305,37.675665,"EUROPE",2013
"964","Iris oratoria",-2.96023,38.01058,"EUROPE",2013
"965","Iris oratoria",20.379625,38.166128,"EUROPE",2013
"966","Iris oratoria",-5.601882,40.97887,"EUROPE",2013
"967","Iris oratoria",-6.317225,37.83187,"EUROPE",2013
"968","Iris oratoria",-3.671863,38.196767,"EUROPE",2013
"969","Iris oratoria",-6.378237,39.972336,"EUROPE",2013
"970","Iris oratoria",-1.435856,37.876364,"EUROPE",2012
"971","Iris oratoria",0.064069,41.288967,"EUROPE",2012
"972","Iris oratoria",-6.225323,37.388197,"EUROPE",2011
"973","Iris oratoria",-4.010051,40.613825,"EUROPE",2012
"974","Iris oratoria",0.4734,41.161585,"EUROPE",2012
"975","Iris oratoria",-4.380612,37.486558,"EUROPE",2012
"976","Iris oratoria",-0.53,39.75,"EUROPE",2012
"977","Iris oratoria",-3.88192,40.338376,"EUROPE",2011
"978","Iris oratoria",-6.201999,37.540122,"EUROPE",2012
"979","Iris oratoria",-1.863703,38.208209,"EUROPE",2011
"980","Iris oratoria",1.98887,41.779335,"EUROPE",2012
"981","Iris oratoria",2.97895,42.55365,"EUROPE",2012
"982","Iris oratoria",23.746435,35.47197,"EUROPE",2012
"983","Iris oratoria",1.022527,41.146992,"EUROPE",2011
"984","Iris oratoria",-7.088242,40.931149,"EUROPE",2011
"985","Iris oratoria",-4.920237,39.869491,"EUROPE",2011
"986","Iris oratoria",-0.631688,41.753673,"EUROPE",2011
"987","Iris oratoria",-7.949048,40.247458,"EUROPE",2011
"988","Iris oratoria",-6.774332,38.564745,"EUROPE",2011
"989","Iris oratoria",-0.811808,38.641776,"EUROPE",2011
"990","Iris oratoria",-0.366349,40.08573,"EUROPE",2011
"991","Iris oratoria",-0.882983,38.92563,"EUROPE",2009
"992","Iris oratoria",-6.934175,39.634217,"EUROPE",2009
"993","Iris oratoria",-5.202896,40.903939,"EUROPE",2011
"994","Iris oratoria",-5.855201,36.353908,"EUROPE",2011
"995","Iris oratoria",-1.14,39.14,"EUROPE",2011
"996","Iris oratoria",-5.244727,37.82887,"EUROPE",2010
"997","Iris oratoria",-6.099815,37.529332,"EUROPE",2010
"998","Iris oratoria",-2.176334,38.171948,"EUROPE",2010
"999","Iris oratoria",-7.661475,40.005533,"EUROPE",2010
"1000","Iris oratoria",-1.24,40.06,"EUROPE",2010
"1001","Iris oratoria",-8.023017,37.735698,"EUROPE",2010
"1002","Iris oratoria",-1.230994,37.64499,"EUROPE",2010
"1003","Iris oratoria",5.9,51.8,"EUROPE",2010
"1004","Iris oratoria",-1.542592,37.906656,"EUROPE",2010
"1005","Iris oratoria",-1.277611,38.700449,"EUROPE",2010
"1006","Iris oratoria",-5.873066,37.550567,"EUROPE",2010
"1007","Iris oratoria",-1.72466,37.675414,"EUROPE",2010
"1008","Iris oratoria",-7.560654,37.299251,"EUROPE",2009
"1009","Iris oratoria",2.82329,42.81774,"EUROPE",2009
"1010","Iris oratoria",-4.026539,39.185378,"EUROPE",2009
"1011","Iris oratoria",0.064145,41.503829,"EUROPE",2009
"1012","Iris oratoria",-2.20651,36.965761,"EUROPE",2009
"1013","Iris oratoria",-0.740547,39.617127,"EUROPE",2009
"1014","Iris oratoria",-0.324698,42.627975,"EUROPE",2009
"1015","Iris oratoria",-2.724413,40.638034,"EUROPE",2009
"1016","Iris oratoria",-1.960609,37.799493,"EUROPE",2009
"1017","Iris oratoria",-2.088861,39.544625,"EUROPE",2009
"1018","Iris oratoria",-4.715238,41.04421,"EUROPE",2008
"1019","Iris oratoria",-1.671295,37.460688,"EUROPE",2008
"1020","Iris oratoria",-3.546932,38.143535,"EUROPE",2008
"1021","Iris oratoria",24.684408,40.655861,"EUROPE",2008
"1022","Iris oratoria",-6.289864,39.001701,"EUROPE",2008
"1023","Iris oratoria",-6.54122,39.463996,"EUROPE",2008
"1024","Iris oratoria",-2.856445,37.900323,"EUROPE",2008
"1025","Iris oratoria",-6.760755,39.209845,"EUROPE",2008
"1026","Iris oratoria",-3.912134,38.978924,"EUROPE",2008
"1027","Iris oratoria",8.67973,42.47322,"EUROPE",2007
"1028","Iris oratoria",-3.412485,36.801827,"EUROPE",2007
"1029","Iris oratoria",-6.72256,40.93399,"EUROPE",2003
"1030","Iris oratoria",-5.94223,40.133741,"EUROPE",2007
"1031","Iris oratoria",-6.395459,38.74826,"EUROPE",2007
"1032","Iris oratoria",-6.068906,40.013376,"EUROPE",2007
"1033","Iris oratoria",-7.420864,41.22593,"EUROPE",2006
"1034","Iris oratoria",-4.383545,36.770242,"EUROPE",2006
"1035","Iris oratoria",-6.404628,41.526776,"EUROPE",2005
"1036","Iris oratoria",12.654392,37.894158,"EUROPE",2005
"1037","Iris oratoria",-1.702538,39.369606,"EUROPE",2005
"1038","Iris oratoria",-1.573,42.196873,"EUROPE",2004
"1039","Iris oratoria",-3.073899,38.361999,"EUROPE",2004
"1040","Iris oratoria",-2.541472,37.118036,"EUROPE",2004
"1041","Iris oratoria",-0.612929,41.799275,"EUROPE",2004
"1042","Iris oratoria",9.49592,42.10611,"EUROPE",2001
"1043","Iris oratoria",-2.964833,37.911822,"EUROPE",1990
